Direction,Service Date,Service Hour,Remark
Central to Cheung Chau,Mondays to Saturdays except public holidays,12:30 a.m.,
Central to Cheung Chau,Mondays to Saturdays except public holidays,1:30 a.m.,
Central to Cheung Chau,Mondays to Saturdays except public holidays,4:15 a.m.,
Central to Cheung Chau,Mondays to Saturdays except public holidays,6:10 a.m.,1
Central to Cheung Chau,Mondays to Saturdays except public holidays,7:00 a.m.,
Central to Cheung Chau,Mondays to Saturdays except public holidays,7:40 a.m.,1
Central to Cheung Chau,Mondays to Saturdays except public holidays,8:00 a.m.,
Central to Cheung Chau,Mondays to Saturdays except public holidays,8:40 a.m.,
Central to Cheung Chau,Mondays to Saturdays except public holidays,9:00 a.m.,1
Central to Cheung Chau,Mondays to Saturdays except public holidays,9:45 a.m.,
Central to Cheung Chau,Mondays to Saturdays except public holidays,10:15 a.m.,1
Central to Cheung Chau,Mondays to Saturdays except public holidays,10:45 a.m.,
Central to Cheung Chau,Mondays to Saturdays except public holidays,11:15 a.m.,1
Central to Cheung Chau,Mondays to Saturdays except public holidays,11:45 a.m.,
Central to Cheung Chau,Mondays to Saturdays except public holidays,12:15 p.m.,1
Central to Cheung Chau,Mondays to Saturdays except public holidays,12:45 p.m.,
Central to Cheung Chau,Mondays to Saturdays except public holidays,1:15 p.m.,1
Central to Cheung Chau,Mondays to Saturdays except public holidays,1:45 p.m.,
Central to Cheung Chau,Mondays to Saturdays except public holidays,2:15 p.m.,1
Central to Cheung Chau,Mondays to Saturdays except public holidays,2:45 p.m.,
Central to Cheung Chau,Mondays to Saturdays except public holidays,3:15 p.m.,1
Central to Cheung Chau,Mondays to Saturdays except public holidays,3:45 p.m.,
Central to Cheung Chau,Mondays to Saturdays except public holidays,4:15 p.m.,1
Central to Cheung Chau,Mondays to Saturdays except public holidays,4:45 p.m.,
Central to Cheung Chau,Mondays to Saturdays except public holidays,5:20 p.m.,1
Central to Cheung Chau,Mondays to Saturdays except public holidays,5:40 p.m.,
Central to Cheung Chau,Mondays to Saturdays except public holidays,6:00 p.m.,1
Central to Cheung Chau,Mondays to Saturdays except public holidays,6:20 p.m.,
Central to Cheung Chau,Mondays to Fridays except public holidays,6:30 p.m.,2
Central to Cheung Chau,Mondays to Saturdays except public holidays,6:45 p.m.,1
Central to Cheung Chau,Mondays to Saturdays except public holidays,7:00 p.m.,
Central to Cheung Chau,Mondays to Fridays except public holidays,7:15 p.m.,2
Central to Cheung Chau,Mondays to Saturdays except public holidays,7:30 p.m.,3
Central to Cheung Chau,Mondays to Saturdays except public holidays,7:40 p.m.,4
Central to Cheung Chau,Mondays to Saturdays except public holidays,8:00 p.m.,
Central to Cheung Chau,Mondays to Saturdays except public holidays,8:30 p.m.,1
Central to Cheung Chau,Mondays to Saturdays except public holidays,9:00 p.m.,
Central to Cheung Chau,Mondays to Saturdays except public holidays,9:30 p.m.,1
Central to Cheung Chau,Mondays to Saturdays except public holidays,10:00 p.m.,
Central to Cheung Chau,Mondays to Saturdays except public holidays,10:30 p.m.,1
Central to Cheung Chau,Mondays to Saturdays except public holidays,11:00 p.m.,
Central to Cheung Chau,Mondays to Saturdays except public holidays,11:30 p.m.,1
Central to Cheung Chau,Mondays to Saturdays except public holidays,11:45 p.m.,
Cheung Chau to Central,Mondays to Saturdays except public holidays,2:20 a.m.,
Cheung Chau to Central,Mondays to Saturdays except public holidays,5:10 a.m.,
Cheung Chau to Central,Mondays to Saturdays except public holidays,5:50 a.m.,1
Cheung Chau to Central,Mondays to Saturdays except public holidays,6:20 a.m.,
Cheung Chau to Central,Mondays to Saturdays except public holidays,6:40 a.m.,1
Cheung Chau to Central,Mondays to Saturdays except public holidays,7:00 a.m.,
Cheung Chau to Central,Mondays to Saturdays except public holidays,7:15 a.m.,1
Cheung Chau to Central,Mondays to Saturdays except public holidays,7:45 a.m.,
Cheung Chau to Central,Mondays to Saturdays except public holidays,7:50 a.m.,1
Cheung Chau to Central,Mondays to Saturdays except public holidays,7:55 a.m.,
Cheung Chau to Central,Mondays to Saturdays except public holidays,8:10 a.m.,
Cheung Chau to Central,Mondays to Saturdays except public holidays,8:20 a.m.,
Cheung Chau to Central,Mondays to Saturdays except public holidays,8:40 a.m.,1
Cheung Chau to Central,Mondays to Saturdays except public holidays,9:00 a.m.,
Cheung Chau to Central,Mondays to Saturdays except public holidays,9:30 a.m.,
Cheung Chau to Central,Mondays to Saturdays except public holidays,10:00 a.m.,1
Cheung Chau to Central,Mondays to Saturdays except public holidays,10:45 a.m.,
Cheung Chau to Central,Mondays to Saturdays except public holidays,11:15 a.m.,1
Cheung Chau to Central,Mondays to Saturdays except public holidays,11:45 a.m.,
Cheung Chau to Central,Mondays to Saturdays except public holidays,12:15 p.m.,1
Cheung Chau to Central,Mondays to Saturdays except public holidays,12:45 p.m.,
Cheung Chau to Central,Mondays to Saturdays except public holidays,1:15 p.m.,1
Cheung Chau to Central,Mondays to Saturdays except public holidays,1:45 p.m.,
Cheung Chau to Central,Mondays to Saturdays except public holidays,2:15 p.m.,1
Cheung Chau to Central,Mondays to Saturdays except public holidays,2:45 p.m.,
Cheung Chau to Central,Mondays to Saturdays except public holidays,3:15 p.m.,1
Cheung Chau to Central,Mondays to Saturdays except public holidays,3:45 p.m.,
Cheung Chau to Central,Mondays to Saturdays except public holidays,4:15 p.m.,1
Cheung Chau to Central,Mondays to Fridays except public holidays,4:30 p.m.,2
Cheung Chau to Central,Mondays to Saturdays except public holidays,4:45 p.m.,
Cheung Chau to Central,Mondays to Saturdays except public holidays,5:15 p.m.,1
Cheung Chau to Central,Mondays to Saturdays except public holidays,5:40 p.m.,
Cheung Chau to Central,Mondays to Saturdays except public holidays,6:20 p.m.,1
Cheung Chau to Central,Mondays to Saturdays except public holidays,7:00 p.m.,
Cheung Chau to Central,Mondays to Saturdays except public holidays,7:30 p.m.,1
Cheung Chau to Central,Mondays to Saturdays except public holidays,8:00 p.m.,
Cheung Chau to Central,Mondays to Saturdays except public holidays,8:30 p.m.,1
Cheung Chau to Central,Mondays to Saturdays except public holidays,9:00 p.m.,
Cheung Chau to Central,Mondays to Saturdays except public holidays,9:30 p.m.,1
Cheung Chau to Central,Mondays to Saturdays except public holidays,10:00 p.m.,
Cheung Chau to Central,Mondays to Saturdays except public holidays,10:30 p.m.,1
Cheung Chau to Central,Mondays to Saturdays except public holidays,11:00 p.m.,
Cheung Chau to Central,Mondays to Saturdays except public holidays,11:30 p.m.,1
Cheung Chau to Central,Mondays to Saturdays except public holidays,11:45 p.m.,
Central to Cheung Chau,Sundays and public holidays,12:30 a.m.,
Central to Cheung Chau,Sundays and public holidays,1:30 a.m.,
Central to Cheung Chau,Sundays and public holidays,4:15 a.m.,
Central to Cheung Chau,Sundays and public holidays,6:30 a.m.,1
Central to Cheung Chau,Sundays and public holidays,7:00 a.m.,
Central to Cheung Chau,Sundays and public holidays,7:30 a.m.,1
Central to Cheung Chau,Sundays and public holidays,8:00 a.m.,
Central to Cheung Chau,Sundays and public holidays,8:30 a.m.,1
Central to Cheung Chau,Sundays and public holidays,9:00 a.m.,
Central to Cheung Chau,Sundays and public holidays,9:30 a.m.,1
Central to Cheung Chau,Sundays and public holidays,10:00 a.m.,
Central to Cheung Chau,Sundays and public holidays,10:30 a.m.,1
Central to Cheung Chau,Sundays and public holidays,11:00 a.m.,
Central to Cheung Chau,Sundays and public holidays,11:30 a.m.,1
Central to Cheung Chau,Sundays and public holidays,12:00 p.m.,
Central to Cheung Chau,Sundays and public holidays,12:30 p.m.,1
Central to Cheung Chau,Sundays and public holidays,1:00 p.m.,
Central to Cheung Chau,Sundays and public holidays,1:30 p.m.,1
Central to Cheung Chau,Sundays and public holidays,2:00 p.m.,
Central to Cheung Chau,Sundays and public holidays,2:30 p.m.,1
Central to Cheung Chau,Sundays and public holidays,3:00 p.m.,
Central to Cheung Chau,Sundays and public holidays,3:30 p.m.,1
Central to Cheung Chau,Sundays and public holidays,4:00 p.m.,
Central to Cheung Chau,Sundays and public holidays,4:30 p.m.,1
Central to Cheung Chau,Sundays and public holidays,5:00 p.m.,
Central to Cheung Chau,Sundays and public holidays,5:30 p.m.,1
Central to Cheung Chau,Sundays and public holidays,6:00 p.m.,
Central to Cheung Chau,Sundays and public holidays,6:30 p.m.,1
Central to Cheung Chau,Sundays and public holidays,7:00 p.m.,
Central to Cheung Chau,Sundays and public holidays,7:30 p.m.,1
Central to Cheung Chau,Sundays and public holidays,8:00 p.m.,
Central to Cheung Chau,Sundays and public holidays,8:30 p.m.,1
Central to Cheung Chau,Sundays and public holidays,9:00 p.m.,
Central to Cheung Chau,Sundays and public holidays,9:30 p.m.,1
Central to Cheung Chau,Sundays and public holidays,10:00 p.m.,
Central to Cheung Chau,Sundays and public holidays,10:30 p.m.,1
Central to Cheung Chau,Sundays and public holidays,11:00 p.m.,
Central to Cheung Chau,Sundays and public holidays,11:30 p.m.,1
Central to Cheung Chau,Sundays and public holidays,11:55 p.m.,
Cheung Chau to Central,Sundays and public holidays,2:20 a.m.,
Cheung Chau to Central,Sundays and public holidays,5:10 a.m.,
Cheung Chau to Central,Sundays and public holidays,6:00 a.m.,
Cheung Chau to Central,Sundays and public holidays,6:30 a.m.,1
Cheung Chau to Central,Sundays and public holidays,7:00 a.m.,
Cheung Chau to Central,Sundays and public holidays,7:30 a.m.,1
Cheung Chau to Central,Sundays and public holidays,8:00 a.m.,
Cheung Chau to Central,Sundays and public holidays,8:30 a.m.,1
Cheung Chau to Central,Sundays and public holidays,9:00 a.m.,
Cheung Chau to Central,Sundays and public holidays,9:30 a.m.,1
Cheung Chau to Central,Sundays and public holidays,10:00 a.m.,
Cheung Chau to Central,Sundays and public holidays,10:30 a.m.,1
Cheung Chau to Central,Sundays and public holidays,11:00 a.m.,
Cheung Chau to Central,Sundays and public holidays,11:30 a.m.,1
Cheung Chau to Central,Sundays and public holidays,12:00 p.m.,
Cheung Chau to Central,Sundays and public holidays,12:30 p.m.,1
Cheung Chau to Central,Sundays and public holidays,1:00 p.m.,
Cheung Chau to Central,Sundays and public holidays,1:30 p.m.,1
Cheung Chau to Central,Sundays and public holidays,2:00 p.m.,
Cheung Chau to Central,Sundays and public holidays,2:30 p.m.,1
Cheung Chau to Central,Sundays and public holidays,3:00 p.m.,
Cheung Chau to Central,Sundays and public holidays,3:30 p.m.,1
Cheung Chau to Central,Sundays and public holidays,4:00 p.m.,
Cheung Chau to Central,Sundays and public holidays,4:30 p.m.,1
Cheung Chau to Central,Sundays and public holidays,5:00 p.m.,
Cheung Chau to Central,Sundays and public holidays,5:30 p.m.,1
Cheung Chau to Central,Sundays and public holidays,6:00 p.m.,
Cheung Chau to Central,Sundays and public holidays,6:30 p.m.,1
Cheung Chau to Central,Sundays and public holidays,7:00 p.m.,
Cheung Chau to Central,Sundays and public holidays,7:30 p.m.,1
Cheung Chau to Central,Sundays and public holidays,8:00 p.m.,
Cheung Chau to Central,Sundays and public holidays,8:30 p.m.,1
Cheung Chau to Central,Sundays and public holidays,9:00 p.m.,
Cheung Chau to Central,Sundays and public holidays,9:30 p.m.,1
Cheung Chau to Central,Sundays and public holidays,10:00 p.m.,
Cheung Chau to Central,Sundays and public holidays,10:30 p.m.,1
Cheung Chau to Central,Sundays and public holidays,11:00 p.m.,
Cheung Chau to Central,Sundays and public holidays,11:30 p.m.,1
